heuristic,size,density,path_length,nodes_expanded,time_sec
Manhattan,20x15,0.2,24,23,0.00048422813415527344
Manhattan,20x15,0.2,25,24,0.00036525726318359375
Manhattan,20x15,0.2,26,27,0.0005614757537841797
Manhattan,20x15,0.2,25,25,0.0007314682006835938
Manhattan,20x15,0.2,28,30,0.0004405975341796875
Manhattan,20x15,0.2,24,24,0.0004227161407470703
Manhattan,20x15,0.2,23,22,0.0003924369812011719
Manhattan,20x15,0.2,24,24,0.0008134841918945312
Manhattan,20x15,0.2,25,48,0.0007736682891845703
Manhattan,20x15,0.2,22,21,0.0008313655853271484
Manhattan,20x15,0.2,28,28,0.000682830810546875
Manhattan,20x15,0.2,26,26,0.0004405975341796875
Manhattan,20x15,0.2,26,26,0.0007011890411376953
Manhattan,20x15,0.2,25,28,0.0004436969757080078
Manhattan,20x15,0.2,25,28,0.0006759166717529297
Manhattan,20x15,0.2,27,30,0.0005595684051513672
Manhattan,20x15,0.2,24,23,0.0008485317230224609
Manhattan,20x15,0.2,26,26,0.0004715919494628906
Manhattan,20x15,0.2,31,35,0.00043582916259765625
Manhattan,20x15,0.2,24,23,0.0004036426544189453
Manhattan,20x15,0.2,23,22,0.0007915496826171875
Manhattan,20x15,0.2,24,24,0.0007374286651611328
Manhattan,20x15,0.2,24,23,0.0006844997406005859
Euclidean,20x15,0.2,27,29,0.0004718303680419922
Euclidean,20x15,0.2,21,21,0.0004405975341796875
Euclidean,20x15,0.2,22,21,0.0006170272827148438
Euclidean,20x15,0.2,23,28,0.0004916191101074219
Euclidean,20x15,0.2,26,27,0.0004086494445800781
Euclidean,20x15,0.2,23,24,0.000522613525390625
Euclidean,20x15,0.2,22,21,0.0009415149688720703
Euclidean,20x15,0.2,27,28,0.000782012939453125
Euclidean,20x15,0.2,30,32,0.000392913818359375
Euclidean,20x15,0.2,28,32,0.0004296302795410156
Euclidean,20x15,0.2,26,36,0.0005710124969482422
Euclidean,20x15,0.2,25,27,0.000476837158203125
Euclidean,20x15,0.2,24,24,0.0004467964172363281
Euclidean,20x15,0.2,24,25,0.0005033016204833984
Euclidean,20x15,0.2,28,35,0.0005805492401123047
Euclidean,20x15,0.2,32,44,0.0006859302520751953
Euclidean,20x15,0.2,24,23,0.0012450218200683594
Euclidean,20x15,0.2,32,38,0.0009732246398925781
Euclidean,20x15,0.2,29,32,0.0006968975067138672
Euclidean,20x15,0.2,23,22,0.0007119178771972656
Euclidean,20x15,0.2,27,27,0.0008025169372558594
Euclidean,20x15,0.2,30,33,0.0005996227264404297
Euclidean,20x15,0.2,25,27,0.0007495880126953125
Diagonal,20x15,0.2,25,26,0.00047397613525390625
Diagonal,20x15,0.2,29,37,0.0004942417144775391
Diagonal,20x15,0.2,29,38,0.0006465911865234375
Diagonal,20x15,0.2,27,27,0.0004088878631591797
Diagonal,20x15,0.2,26,28,0.0003879070281982422
Diagonal,20x15,0.2,22,28,0.0004303455352783203
Diagonal,20x15,0.2,28,32,0.000518798828125
Diagonal,20x15,0.2,29,32,0.00044727325439453125
Diagonal,20x15,0.2,26,28,0.0004107952117919922
Diagonal,20x15,0.2,28,29,0.0003998279571533203
Diagonal,20x15,0.2,34,51,0.0007145404815673828
Diagonal,20x15,0.2,26,26,0.0003554821014404297
Diagonal,20x15,0.2,30,33,0.00046706199645996094
Diagonal,20x15,0.2,26,26,0.00040912628173828125
Diagonal,20x15,0.2,29,34,0.0004513263702392578
Diagonal,20x15,0.2,28,30,0.00046896934509277344
Diagonal,20x15,0.2,34,36,0.0005059242248535156
Diagonal,20x15,0.2,29,31,0.00035381317138671875
Diagonal,20x15,0.2,28,37,0.0005357265472412109
Diagonal,20x15,0.2,32,35,0.00044465065002441406
Diagonal,20x15,0.2,33,42,0.0005612373352050781
Diagonal,20x15,0.2,27,29,0.00044989585876464844
Diagonal,20x15,0.2,25,28,0.00045108795166015625
Diagonal,20x15,0.2,32,39,0.0005843639373779297
Diagonal,20x15,0.2,25,51,0.0007309913635253906
Diagonal,20x15,0.2,27,27,0.0003714561462402344
Manhattan,20x15,0.3,28,27,0.0003612041473388672
Manhattan,20x15,0.3,29,70,0.0007870197296142578
Manhattan,20x15,0.3,29,31,0.000774383544921875
Manhattan,20x15,0.3,34,40,0.0004596710205078125
Manhattan,20x15,0.3,22,44,0.0006759166717529297
Manhattan,20x15,0.3,29,64,0.0008013248443603516
Manhattan,20x15,0.3,31,35,0.0005202293395996094
Manhattan,20x15,0.3,31,32,0.0003848075866699219
Manhattan,20x15,0.3,34,42,0.0004296302795410156
Manhattan,20x15,0.3,27,28,0.0004169940948486328
Euclidean,20x15,0.3,36,41,0.0004925727844238281
Euclidean,20x15,0.3,27,28,0.00037360191345214844
Euclidean,20x15,0.3,29,31,0.0003592967987060547
Euclidean,20x15,0.3,37,43,0.0005812644958496094
Euclidean,20x15,0.3,28,27,0.0004508495330810547
Euclidean,20x15,0.3,25,24,0.0003190040588378906
Euclidean,20x15,0.3,28,28,0.0003261566162109375
Euclidean,20x15,0.3,28,30,0.0004127025604248047
Euclidean,20x15,0.3,37,51,0.0005214214324951172
Euclidean,20x15,0.3,41,107,0.00135040283203125
Euclidean,20x15,0.3,37,65,0.001046895980834961
Euclidean,20x15,0.3,32,41,0.0007719993591308594
Diagonal,20x15,0.3,28,47,0.0009186267852783203
Diagonal,20x15,0.3,28,35,0.00039005279541015625
Diagonal,20x15,0.3,31,51,0.0006275177001953125
Diagonal,20x15,0.3,37,43,0.0005881786346435547
Diagonal,20x15,0.3,31,46,0.0004699230194091797
Diagonal,20x15,0.3,35,66,0.0006394386291503906
Diagonal,20x15,0.3,29,37,0.0004887580871582031
Diagonal,20x15,0.3,30,37,0.00044918060302734375
Diagonal,20x15,0.3,43,53,0.0012466907501220703
Diagonal,20x15,0.3,41,71,0.0011446475982666016
Diagonal,20x15,0.3,31,39,0.0004024505615234375
Diagonal,20x15,0.3,27,29,0.0004057884216308594
Diagonal,20x15,0.3,32,51,0.0006310939788818359
Diagonal,20x15,0.3,31,30,0.0005884170532226562
Diagonal,20x15,0.3,30,44,0.00046563148498535156
Diagonal,20x15,0.3,34,55,0.0010230541229248047
Diagonal,20x15,0.3,33,55,0.0008015632629394531
Manhattan,20x15,0.4,36,44,0.00042939186096191406
Euclidean,20x15,0.4,33,43,0.00046706199645996094
Euclidean,20x15,0.4,36,63,0.0006771087646484375
Euclidean,20x15,0.4,30,57,0.0005941390991210938
Euclidean,20x15,0.4,31,33,0.0003635883331298828
Diagonal,20x15,0.4,35,35,0.0003447532653808594
Diagonal,20x15,0.4,29,34,0.0004367828369140625
Manhattan,30x20,0.2,41,58,0.0011072158813476562
Manhattan,30x20,0.2,43,49,0.0007843971252441406
Manhattan,30x20,0.2,37,39,0.0007874965667724609
Manhattan,30x20,0.2,32,31,0.00099945068359375
Manhattan,30x20,0.2,34,37,0.0007605552673339844
Manhattan,30x20,0.2,38,44,0.0007212162017822266
Manhattan,30x20,0.2,41,54,0.0016446113586425781
Manhattan,30x20,0.2,39,43,0.0007371902465820312
Manhattan,30x20,0.2,39,39,0.0007739067077636719
Manhattan,30x20,0.2,34,36,0.000698089599609375
Manhattan,30x20,0.2,36,35,0.0006849765777587891
Manhattan,30x20,0.2,38,51,0.0007698535919189453
Manhattan,30x20,0.2,42,51,0.0008070468902587891
Manhattan,30x20,0.2,40,42,0.0017249584197998047
Manhattan,30x20,0.2,38,39,0.0008325576782226562
Manhattan,30x20,0.2,41,44,0.0009169578552246094
Manhattan,30x20,0.2,37,43,0.000827789306640625
Manhattan,30x20,0.2,34,35,0.0007967948913574219
Manhattan,30x20,0.2,38,40,0.0007226467132568359
Manhattan,30x20,0.2,37,39,0.0015516281127929688
Manhattan,30x20,0.2,40,49,0.0008153915405273438
Manhattan,30x20,0.2,39,40,0.0007200241088867188
Euclidean,30x20,0.2,44,50,0.0008127689361572266
Euclidean,30x20,0.2,40,42,0.0006701946258544922
Euclidean,30x20,0.2,38,45,0.0008733272552490234
Euclidean,30x20,0.2,43,49,0.0013051033020019531
Euclidean,30x20,0.2,36,38,0.0005784034729003906
Euclidean,30x20,0.2,38,38,0.0008153915405273438
Euclidean,30x20,0.2,35,35,0.0007622241973876953
Euclidean,30x20,0.2,37,37,0.0010175704956054688
Euclidean,30x20,0.2,34,33,0.0007302761077880859
Euclidean,30x20,0.2,44,77,0.0018696784973144531
Euclidean,30x20,0.2,36,38,0.0007004737854003906
Euclidean,30x20,0.2,36,38,0.0007426738739013672
Euclidean,30x20,0.2,40,42,0.001092672348022461
Euclidean,30x20,0.2,38,62,0.0009634494781494141
Euclidean,30x20,0.2,35,35,0.0006902217864990234
Euclidean,30x20,0.2,38,39,0.0008056163787841797
Euclidean,30x20,0.2,35,38,0.0008833408355712891
Euclidean,30x20,0.2,33,35,0.0007650852203369141
Euclidean,30x20,0.2,38,37,0.0007681846618652344
Euclidean,30x20,0.2,33,33,0.0008206367492675781
Euclidean,30x20,0.2,37,37,0.0007326602935791016
Euclidean,30x20,0.2,41,50,0.0010411739349365234
Euclidean,30x20,0.2,43,47,0.0008461475372314453
Diagonal,30x20,0.2,40,49,0.0008885860443115234
Diagonal,30x20,0.2,47,61,0.0012254714965820312
Diagonal,30x20,0.2,42,53,0.0013821125030517578
Diagonal,30x20,0.2,37,40,0.0008678436279296875
Diagonal,30x20,0.2,48,62,0.0015857219696044922
Diagonal,30x20,0.2,45,50,0.0010991096496582031
Diagonal,30x20,0.2,39,45,0.0011854171752929688
Diagonal,30x20,0.2,40,41,0.0011129379272460938
Diagonal,30x20,0.2,42,45,0.0010707378387451172
Diagonal,30x20,0.2,37,37,0.0009582042694091797
Diagonal,30x20,0.2,37,49,0.0016224384307861328
Diagonal,30x20,0.2,44,50,0.0007727146148681641
Diagonal,30x20,0.2,41,46,0.001190185546875
Diagonal,30x20,0.2,39,41,0.0011720657348632812
Diagonal,30x20,0.2,53,61,0.0010750293731689453
Diagonal,30x20,0.2,47,59,0.0011570453643798828
Diagonal,30x20,0.2,39,64,0.001150369644165039
Diagonal,30x20,0.2,37,39,0.0006577968597412109
Diagonal,30x20,0.2,47,53,0.0011174678802490234
Diagonal,30x20,0.2,44,48,0.0008220672607421875
Diagonal,30x20,0.2,41,44,0.0007107257843017578
Diagonal,30x20,0.2,41,45,0.0008759498596191406
Diagonal,30x20,0.2,40,43,0.0009069442749023438
Diagonal,30x20,0.2,43,53,0.0008294582366943359
Diagonal,30x20,0.2,43,49,0.0007898807525634766
Diagonal,30x20,0.2,41,43,0.0012485980987548828
Manhattan,30x20,0.3,38,39,0.0006139278411865234
Manhattan,30x20,0.3,42,53,0.0012438297271728516
Manhattan,30x20,0.3,43,56,0.0013179779052734375
Manhattan,30x20,0.3,50,54,0.0009105205535888672
Manhattan,30x20,0.3,45,48,0.000965118408203125
Manhattan,30x20,0.3,43,53,0.0016968250274658203
Manhattan,30x20,0.3,45,47,0.0013785362243652344
Manhattan,30x20,0.3,57,91,0.002097606658935547
Manhattan,30x20,0.3,56,81,0.0011522769927978516
Manhattan,30x20,0.3,39,46,0.0007979869842529297
Manhattan,30x20,0.3,43,45,0.0007445812225341797
Manhattan,30x20,0.3,35,36,0.0012445449829101562
Manhattan,30x20,0.3,53,65,0.0008957386016845703
Manhattan,30x20,0.3,45,53,0.001253366470336914
Manhattan,30x20,0.3,44,48,0.0011000633239746094
Euclidean,30x20,0.3,43,57,0.0007700920104980469
Euclidean,30x20,0.3,42,52,0.0008187294006347656
Euclidean,30x20,0.3,41,43,0.0007829666137695312
Euclidean,30x20,0.3,43,55,0.0009469985961914062
Euclidean,30x20,0.3,44,52,0.0007045269012451172
Euclidean,30x20,0.3,45,48,0.0009992122650146484
Euclidean,30x20,0.3,38,39,0.0008077621459960938
Euclidean,30x20,0.3,53,83,0.0012125968933105469
Euclidean,30x20,0.3,42,47,0.0007967948913574219
Euclidean,30x20,0.3,55,70,0.0012526512145996094
Euclidean,30x20,0.3,43,48,0.0007674694061279297
Euclidean,30x20,0.3,43,48,0.0013022422790527344
Euclidean,30x20,0.3,46,63,0.0009951591491699219
Euclidean,30x20,0.3,44,56,0.0011336803436279297
Diagonal,30x20,0.3,48,61,0.0007843971252441406
Diagonal,30x20,0.3,52,68,0.0012285709381103516
Diagonal,30x20,0.3,39,42,0.0010917186737060547
Diagonal,30x20,0.3,49,67,0.0007960796356201172
Diagonal,30x20,0.3,47,49,0.0017466545104980469
Diagonal,30x20,0.3,44,62,0.0015549659729003906
Diagonal,30x20,0.3,61,101,0.002099275588989258
Diagonal,30x20,0.3,42,54,0.0012080669403076172
Diagonal,30x20,0.3,49,58,0.0007870197296142578
Diagonal,30x20,0.3,43,65,0.0014185905456542969
Diagonal,30x20,0.3,49,65,0.0028162002563476562
Diagonal,30x20,0.3,48,66,0.0009717941284179688
Diagonal,30x20,0.3,51,67,0.0013401508331298828
Diagonal,30x20,0.3,51,64,0.0017695426940917969
Diagonal,30x20,0.3,49,61,0.0012841224670410156
Manhattan,30x20,0.4,51,107,0.0014920234680175781
Manhattan,30x20,0.4,63,83,0.0014662742614746094
Manhattan,30x20,0.4,48,53,0.0006389617919921875
Manhattan,30x20,0.4,46,56,0.0006093978881835938
Euclidean,30x20,0.4,54,92,0.0010068416595458984
Diagonal,30x20,0.4,52,117,0.0018351078033447266
